<application>
  <component name="ProjectJdkTable">
    <jdk version="2">
      <name value="Python 3.6 (kar)" />
      <type value="Python SDK" />
      <version value="Python 3.6.8" />
      <homePath value="/home/workdir/kar/workspace/bin/python" />
      <roots>
        <classPath>
          <root type="composite">
            <root url="file:///home/workdir/kar/workspace/lib64/python3.6" type="simple" />
            <root url="file:///home/workdir/kar/workspace/lib64/python3.6/lib-dynload" type="simple" />
            <root url="file:///usr/lib64/python3.6" type="simple" />
            <root url="file:///usr/lib/python3.6" type="simple" />
            <root url="file:///home/workdir/kar/workspace/lib/python3.6/site-packages" type="simple" />
            <root url="file:///home/workdir/kar/workspace/avocado" type="simple" />
            <root url="file:///home/workdir/kar/workspace/avocado/optional_plugins/html" type="simple" />
            <root url="file:///usr/local/lib/python3.6/site-packages/Jinja2-2.11.2-py3.6.egg" type="simple" />
            <root url="file:///usr/local/lib/python3.6/site-packages/MarkupSafe-1.1.1-py3.6-linux-x86_64.egg" type="simple" />
            <root url="file:///home/workdir/kar/workspace/avocado-vt" type="simple" />
            <root url="file:///usr/local/lib/python3.6/site-packages" type="simple" />
            <root url="file:///usr/lib/python3.6/site-packages" type="simple" />
            <root url="file:///usr/local/lib64/python3.6/site-packages" type="simple" />
            <root url="file:///usr/local/lib/python3.6/site-packages/aexpect-1.5.1-py3.6.egg" type="simple" />
            <root url="file:///usr/lib64/python3.6/site-packages" type="simple" />
            <root url="file://$USER_HOME$/.cache/JetBrains/PyCharmCE2020.2/python_stubs/-351875547" type="simple" />
            <root url="file://$APPLICATION_HOME_DIR$/plugins/python-ce/helpers/python-skeletons" type="simple" />
            <root url="file://$APPLICATION_HOME_DIR$/plugins/python-ce/helpers/typeshed/stdlib/3" type="simple" />
            <root url="file://$APPLICATION_HOME_DIR$/plugins/python-ce/helpers/typeshed/stdlib/2and3" type="simple" />
            <root url="file://$APPLICATION_HOME_DIR$/plugins/python-ce/helpers/typeshed/third_party/3" type="simple" />
            <root url="file://$APPLICATION_HOME_DIR$/plugins/python-ce/helpers/typeshed/third_party/2and3" type="simple" />
          </root>
        </classPath>
        <sourcePath>
          <root type="composite" />
        </sourcePath>
      </roots>
      <additional ASSOCIATED_PROJECT_PATH="/home/workdir/kar" />
    </jdk>
  </component>
</application>